instance,weight,satisfied_clauses,clauses,true_variables,variables,current_objective_history,best_objective_history
wuf20-01.mwcnf,6680,64,71,19,21,[],[]
wuf20-010.mwcnf,13940,66,71,19,21,[],[]
wuf20-0100.mwcnf,11782,58,71,20,21,[],[]
wuf20-01000.mwcnf,9451,57,71,19,21,[],[]
wuf20-0101.mwcnf,9991,55,71,19,21,[],[]
wuf20-0102.mwcnf,9270,56,71,19,21,[],[]
wuf20-0103.mwcnf,12259,60,71,19,21,[],[]
wuf20-0104.mwcnf,12192,62,71,20,21,[],[]
wuf20-0105.mwcnf,13819,68,71,20,21,[],[]
wuf20-0106.mwcnf,13696,66,71,19,21,[],[]
wuf20-0107.mwcnf,12387,68,71,18,21,[],[]
wuf20-0108.mwcnf,16195,67,71,19,21,[],[]
wuf20-0109.mwcnf,7343,62,71,18,21,[],[]
wuf20-011.mwcnf,14059,63,71,19,21,[],[]
wuf20-0110.mwcnf,11904,64,71,19,21,[],[]
wuf20-0111.mwcnf,12879,62,71,19,21,[],[]
wuf20-0112.mwcnf,12384,62,71,19,21,[],[]
wuf20-0113.mwcnf,13749,65,71,20,21,[],[]
wuf20-0114.mwcnf,14222,67,71,19,21,[],[]
wuf20-0115.mwcnf,10131,58,71,19,21,[],[]
wuf20-0116.mwcnf,10521,60,71,18,21,[],[]
wuf20-0117.mwcnf,11947,56,71,19,21,[],[]
wuf20-0118.mwcnf,11623,60,71,18,21,[],[]
wuf20-0119.mwcnf,13788,68,71,18,21,[],[]
wuf20-012.mwcnf,9213,55,71,19,21,[],[]
wuf20-0120.mwcnf,11256,60,71,19,21,[],[]
wuf20-0121.mwcnf,13873,59,71,20,21,[],[]
wuf20-0122.mwcnf,11100,57,71,18,21,[],[]
wuf20-0123.mwcnf,13768,64,71,19,21,[],[]
wuf20-0124.mwcnf,13590,65,71,19,21,[],[]
wuf20-0125.mwcnf,13524,67,71,18,21,[],[]
wuf20-0126.mwcnf,14105,65,71,19,21,[],[]
wuf20-0127.mwcnf,11662,64,71,19,21,[],[]
wuf20-0128.mwcnf,12377,59,71,18,21,[],[]
wuf20-0129.mwcnf,8560,60,71,18,21,[],[]
wuf20-013.mwcnf,11785,65,71,18,21,[],[]
wuf20-0130.mwcnf,10379,60,71,19,21,[],[]
wuf20-0131.mwcnf,14274,67,71,18,21,[],[]
wuf20-0132.mwcnf,13364,68,71,19,21,[],[]
wuf20-0133.mwcnf,14208,59,71,19,21,[],[]
wuf20-0134.mwcnf,11188,61,71,19,21,[],[]
wuf20-0135.mwcnf,10918,58,71,19,21,[],[]
wuf20-0136.mwcnf,13435,63,71,19,21,[],[]
wuf20-0137.mwcnf,9866,64,71,19,21,[],[]
wuf20-0138.mwcnf,13573,67,71,19,21,[],[]
wuf20-0139.mwcnf,8645,52,71,18,21,[],[]
wuf20-014.mwcnf,12286,64,71,19,21,[],[]
wuf20-0140.mwcnf,14539,65,71,19,21,[],[]
wuf20-0141.mwcnf,10565,62,71,19,21,[],[]
wuf20-0142.mwcnf,11708,62,71,19,21,[],[]
wuf20-0143.mwcnf,12144,68,71,18,21,[],[]
wuf20-0144.mwcnf,9078,57,71,19,21,[],[]
wuf20-0145.mwcnf,12991,64,71,18,21,[],[]
wuf20-0146.mwcnf,12134,61,71,19,21,[],[]
wuf20-0147.mwcnf,11307,62,71,19,21,[],[]
wuf20-0148.mwcnf,13145,63,71,18,21,[],[]
wuf20-0149.mwcnf,10963,65,71,18,21,[],[]
wuf20-015.mwcnf,4705,59,71,19,21,[],[]
wuf20-0150.mwcnf,11138,60,71,19,21,[],[]
wuf20-0151.mwcnf,11747,65,71,18,21,[],[]
wuf20-0152.mwcnf,5310,61,71,20,21,[],[]
wuf20-0153.mwcnf,5267,61,71,18,21,[],[]
wuf20-0154.mwcnf,6737,60,71,18,21,[],[]
wuf20-0155.mwcnf,6877,59,71,19,21,[],[]
wuf20-0156.mwcnf,5289,57,71,20,21,[],[]
wuf20-0157.mwcnf,5646,63,71,21,21,[],[]
wuf20-0158.mwcnf,6664,59,71,21,21,[],[]
wuf20-0159.mwcnf,5801,62,71,18,21,[],[]
wuf20-016.mwcnf,6991,65,71,19,21,[],[]
wuf20-0160.mwcnf,7707,71,71,18,21,[],[]
wuf20-0161.mwcnf,6294,64,71,19,21,[],[]
wuf20-0162.mwcnf,6009,61,71,19,21,[],[]
wuf20-0163.mwcnf,6880,68,71,19,21,[],[]
wuf20-0164.mwcnf,5436,60,71,20,21,[],[]
wuf20-0165.mwcnf,7676,69,71,19,21,[],[]
wuf20-0166.mwcnf,6513,61,71,19,21,[],[]
wuf20-0167.mwcnf,6898,63,71,20,21,[],[]
wuf20-0168.mwcnf,5817,63,71,18,21,[],[]
wuf20-0169.mwcnf,4562,59,71,18,21,[],[]
wuf20-017.mwcnf,7312,66,71,19,21,[],[]
wuf20-0170.mwcnf,6327,62,71,18,21,[],[]
wuf20-0171.mwcnf,6286,62,71,18,21,[],[]
wuf20-0172.mwcnf,5598,56,71,18,21,[],[]
wuf20-0173.mwcnf,6339,61,71,18,21,[],[]
wuf20-0174.mwcnf,6464,66,71,18,21,[],[]
wuf20-0175.mwcnf,6203,59,71,20,21,[],[]
wuf20-0176.mwcnf,4720,58,71,19,21,[],[]
wuf20-0177.mwcnf,6099,62,71,19,21,[],[]
wuf20-0178.mwcnf,6461,64,71,19,21,[],[]
wuf20-0179.mwcnf,7545,64,71,19,21,[],[]
wuf20-018.mwcnf,6646,65,71,18,21,[],[]
wuf20-0180.mwcnf,5843,57,71,19,21,[],[]
wuf20-0181.mwcnf,6932,65,71,19,21,[],[]
wuf20-0182.mwcnf,6382,62,71,19,21,[],[]
wuf20-0183.mwcnf,5386,59,71,19,21,[],[]
wuf20-0184.mwcnf,5769,62,71,19,21,[],[]
wuf20-0185.mwcnf,6546,66,71,19,21,[],[]
wuf20-0186.mwcnf,6928,68,71,18,21,[],[]
wuf20-0187.mwcnf,4531,65,71,18,21,[],[]
wuf20-0188.mwcnf,5695,59,71,19,21,[],[]
wuf20-0189.mwcnf,5549,60,71,19,21,[],[]
wuf20-019.mwcnf,6503,61,71,19,21,[],[]
wuf20-0190.mwcnf,6926,59,71,19,21,[],[]
wuf20-0191.mwcnf,7264,62,71,20,21,[],[]
wuf20-0192.mwcnf,5014,59,71,18,21,[],[]
wuf20-0193.mwcnf,5078,60,71,19,21,[],[]
wuf20-0194.mwcnf,6464,64,71,19,21,[],[]
wuf20-0195.mwcnf,5688,60,71,18,21,[],[]
wuf20-0196.mwcnf,6082,64,71,19,21,[],[]
wuf20-0197.mwcnf,5718,61,71,19,21,[],[]
wuf20-0198.mwcnf,6173,59,71,18,21,[],[]
wuf20-0199.mwcnf,7259,60,71,19,21,[],[]
wuf20-02.mwcnf,4182,58,71,20,21,[],[]
wuf20-020.mwcnf,6571,64,71,19,21,[],[]
wuf20-0200.mwcnf,4771,56,71,19,21,[],[]
wuf20-0201.mwcnf,5919,62,71,20,21,[],[]
wuf20-0202.mwcnf,5573,61,71,19,21,[],[]
wuf20-0203.mwcnf,6364,60,71,18,21,[],[]
wuf20-0204.mwcnf,5260,62,71,19,21,[],[]
wuf20-0205.mwcnf,4627,58,71,19,21,[],[]
wuf20-0206.mwcnf,7519,68,71,18,21,[],[]
wuf20-0207.mwcnf,5302,55,71,18,21,[],[]
wuf20-0208.mwcnf,6656,61,71,18,21,[],[]
wuf20-0209.mwcnf,7739,62,71,19,21,[],[]
wuf20-021.mwcnf,6298,62,71,19,21,[],[]
wuf20-0210.mwcnf,4076,54,71,19,21,[],[]
wuf20-0211.mwcnf,6317,60,71,19,21,[],[]
wuf20-0212.mwcnf,6686,63,71,19,21,[],[]
wuf20-0213.mwcnf,5181,60,71,18,21,[],[]
wuf20-0214.mwcnf,6500,66,71,18,21,[],[]
wuf20-0215.mwcnf,6470,64,71,18,21,[],[]
wuf20-0216.mwcnf,4856,59,71,19,21,[],[]
wuf20-0217.mwcnf,6857,65,71,19,21,[],[]
wuf20-0218.mwcnf,5833,61,71,19,21,[],[]
wuf20-0219.mwcnf,5070,59,71,19,21,[],[]
wuf20-022.mwcnf,5002,60,71,18,21,[],[]
wuf20-0220.mwcnf,5042,59,71,19,21,[],[]
wuf20-0221.mwcnf,7545,67,71,20,21,[],[]
wuf20-0222.mwcnf,7733,65,71,19,21,[],[]
wuf20-0223.mwcnf,7540,64,71,20,21,[],[]
wuf20-0224.mwcnf,6464,65,71,19,21,[],[]
wuf20-0225.mwcnf,5228,61,71,19,21,[],[]
wuf20-0226.mwcnf,4809,63,71,18,21,[],[]
wuf20-0227.mwcnf,6512,61,71,19,21,[],[]
wuf20-0228.mwcnf,6485,64,71,20,21,[],[]
wuf20-0229.mwcnf,7781,64,71,19,21,[],[]
wuf20-023.mwcnf,6282,59,71,19,21,[],[]
wuf20-0230.mwcnf,5280,60,71,19,21,[],[]
wuf20-0231.mwcnf,5283,61,71,19,21,[],[]
wuf20-0232.mwcnf,6061,61,71,18,21,[],[]
wuf20-0233.mwcnf,6370,60,71,19,21,[],[]
wuf20-0234.mwcnf,5278,62,71,18,21,[],[]
wuf20-0235.mwcnf,7505,68,71,19,21,[],[]
wuf20-0236.mwcnf,7400,61,71,19,21,[],[]
wuf20-0237.mwcnf,4989,54,71,18,21,[],[]
wuf20-0238.mwcnf,6428,59,71,19,21,[],[]
wuf20-0239.mwcnf,6780,67,71,18,21,[],[]
wuf20-024.mwcnf,4730,61,71,18,21,[],[]
wuf20-0240.mwcnf,6441,65,71,19,21,[],[]
wuf20-0241.mwcnf,5867,63,71,19,21,[],[]
wuf20-0242.mwcnf,6019,64,71,19,21,[],[]
wuf20-0243.mwcnf,5053,67,71,19,21,[],[]
wuf20-0244.mwcnf,5802,56,71,18,21,[],[]
wuf20-0245.mwcnf,4671,62,71,18,21,[],[]
wuf20-0246.mwcnf,5824,56,71,19,21,[],[]
wuf20-0247.mwcnf,7541,65,71,19,21,[],[]
wuf20-0248.mwcnf,6737,65,71,19,21,[],[]
wuf20-0249.mwcnf,6527,61,71,19,21,[],[]
wuf20-025.mwcnf,6688,65,71,19,21,[],[]
wuf20-0250.mwcnf,6880,61,71,18,21,[],[]
wuf20-0251.mwcnf,6944,59,71,20,21,[],[]
wuf20-0252.mwcnf,5871,60,71,19,21,[],[]
wuf20-0253.mwcnf,5903,63,71,18,21,[],[]
wuf20-0254.mwcnf,6755,64,71,19,21,[],[]
wuf20-0255.mwcnf,5765,64,71,19,21,[],[]
wuf20-0256.mwcnf,6677,65,71,18,21,[],[]
wuf20-0257.mwcnf,6306,56,71,19,21,[],[]
wuf20-0258.mwcnf,6720,67,71,18,21,[],[]
wuf20-0259.mwcnf,6194,59,71,18,21,[],[]
wuf20-026.mwcnf,6498,63,71,19,21,[],[]
wuf20-0260.mwcnf,5211,59,71,18,21,[],[]
wuf20-0261.mwcnf,5821,58,71,19,21,[],[]
wuf20-0262.mwcnf,5778,61,71,19,21,[],[]
wuf20-0263.mwcnf,6854,61,71,19,21,[],[]
wuf20-0264.mwcnf,4849,60,71,18,21,[],[]
wuf20-0265.mwcnf,7515,66,71,18,21,[],[]
wuf20-0266.mwcnf,7170,59,71,19,21,[],[]
wuf20-0267.mwcnf,6111,63,71,19,21,[],[]
wuf20-0268.mwcnf,7566,67,71,20,21,[],[]
wuf20-0269.mwcnf,5419,58,71,19,21,[],[]
wuf20-027.mwcnf,6574,65,71,19,21,[],[]
wuf20-0270.mwcnf,7425,67,71,19,21,[],[]
wuf20-0271.mwcnf,6803,63,71,20,21,[],[]
wuf20-0272.mwcnf,5297,61,71,18,21,[],[]
wuf20-0273.mwcnf,6074,66,71,19,21,[],[]
wuf20-0274.mwcnf,7162,64,71,20,21,[],[]
wuf20-0275.mwcnf,5365,61,71,19,21,[],[]
wuf20-0276.mwcnf,5856,58,71,18,21,[],[]
wuf20-0277.mwcnf,5071,56,71,18,21,[],[]
wuf20-0278.mwcnf,4815,59,71,19,21,[],[]
wuf20-0279.mwcnf,7336,65,71,19,21,[],[]
wuf20-028.mwcnf,3590,60,71,19,21,[],[]
wuf20-0280.mwcnf,6720,64,71,19,21,[],[]
wuf20-0281.mwcnf,6494,67,71,19,21,[],[]
wuf20-0282.mwcnf,5520,58,71,18,21,[],[]
wuf20-0283.mwcnf,7539,65,71,20,21,[],[]
wuf20-0284.mwcnf,5656,62,71,19,21,[],[]
wuf20-0285.mwcnf,5619,63,71,18,21,[],[]
wuf20-0286.mwcnf,6005,60,71,19,21,[],[]
wuf20-0287.mwcnf,5987,61,71,18,21,[],[]
wuf20-0288.mwcnf,6898,61,71,20,21,[],[]
wuf20-0289.mwcnf,4174,66,71,18,21,[],[]
wuf20-029.mwcnf,3516,60,71,19,21,[],[]
wuf20-0290.mwcnf,3893,61,71,19,21,[],[]
wuf20-0291.mwcnf,5609,67,71,18,21,[],[]
wuf20-0292.mwcnf,4516,62,71,19,21,[],[]
wuf20-0293.mwcnf,5263,66,71,19,21,[],[]
wuf20-0294.mwcnf,4629,63,71,19,21,[],[]
wuf20-0295.mwcnf,4221,63,71,20,21,[],[]
wuf20-0296.mwcnf,4009,61,71,19,21,[],[]
wuf20-0297.mwcnf,2978,56,71,18,21,[],[]
wuf20-0298.mwcnf,4116,62,71,18,21,[],[]
wuf20-0299.mwcnf,3909,65,71,19,21,[],[]
wuf20-03.mwcnf,4632,64,71,19,21,[],[]
wuf20-030.mwcnf,4305,61,71,18,21,[],[]
wuf20-0300.mwcnf,4586,64,71,19,21,[],[]
wuf20-0301.mwcnf,4735,59,71,19,21,[],[]
wuf20-0302.mwcnf,4697,63,71,18,21,[],[]
wuf20-0303.mwcnf,3612,62,71,18,21,[],[]
wuf20-0304.mwcnf,3436,64,71,18,21,[],[]
wuf20-0305.mwcnf,4124,62,71,18,21,[],[]
wuf20-0306.mwcnf,3895,59,71,20,21,[],[]
wuf20-0307.mwcnf,5064,67,71,20,21,[],[]
wuf20-0308.mwcnf,4936,63,71,20,21,[],[]
wuf20-0309.mwcnf,3808,60,71,19,21,[],[]
wuf20-031.mwcnf,4006,60,71,19,21,[],[]
wuf20-0310.mwcnf,4047,61,71,18,21,[],[]
wuf20-0311.mwcnf,4901,63,71,19,21,[],[]
wuf20-0312.mwcnf,4185,60,71,19,21,[],[]
wuf20-0313.mwcnf,3785,67,71,18,21,[],[]
wuf20-0314.mwcnf,4579,64,71,18,21,[],[]
wuf20-0315.mwcnf,4885,66,71,19,21,[],[]
wuf20-0316.mwcnf,3620,58,71,19,21,[],[]
wuf20-0317.mwcnf,3390,59,71,19,21,[],[]
wuf20-0318.mwcnf,5153,62,71,19,21,[],[]
wuf20-0319.mwcnf,5255,67,71,19,21,[],[]
wuf20-032.mwcnf,4783,65,71,19,21,[],[]
wuf20-0320.mwcnf,4671,63,71,19,21,[],[]
wuf20-0321.mwcnf,4140,63,71,20,21,[],[]
wuf20-0322.mwcnf,3675,58,71,18,21,[],[]
wuf20-0323.mwcnf,3287,57,71,18,21,[],[]
wuf20-0324.mwcnf,3803,62,71,18,21,[],[]
wuf20-0325.mwcnf,5315,65,71,18,21,[],[]
wuf20-0326.mwcnf,4023,62,71,19,21,[],[]
wuf20-0327.mwcnf,4314,63,71,19,21,[],[]
wuf20-0328.mwcnf,4254,60,71,19,21,[],[]
wuf20-0329.mwcnf,3744,62,71,19,21,[],[]
wuf20-033.mwcnf,3711,62,71,19,21,[],[]
wuf20-0330.mwcnf,3213,60,71,20,21,[],[]
wuf20-0331.mwcnf,4507,61,71,19,21,[],[]
wuf20-0332.mwcnf,3609,58,71,19,21,[],[]
wuf20-0333.mwcnf,4954,64,71,19,21,[],[]
wuf20-0334.mwcnf,3677,59,71,19,21,[],[]
wuf20-0335.mwcnf,4433,63,71,19,21,[],[]
wuf20-0336.mwcnf,3119,63,71,19,21,[],[]
wuf20-0337.mwcnf,4140,66,71,19,21,[],[]
wuf20-0338.mwcnf,4030,64,71,19,21,[],[]
wuf20-0339.mwcnf,5225,69,71,18,21,[],[]
wuf20-034.mwcnf,4488,65,71,18,21,[],[]
wuf20-0340.mwcnf,4650,63,71,18,21,[],[]
wuf20-0341.mwcnf,4874,67,71,19,21,[],[]
wuf20-0342.mwcnf,4408,61,71,19,21,[],[]
wuf20-0343.mwcnf,4128,61,71,19,21,[],[]
wuf20-0344.mwcnf,3923,57,71,18,21,[],[]
wuf20-0345.mwcnf,4805,61,71,19,21,[],[]
wuf20-0346.mwcnf,3922,63,71,18,21,[],[]
wuf20-0347.mwcnf,5126,68,71,20,21,[],[]
wuf20-0348.mwcnf,4965,64,71,18,21,[],[]
wuf20-0349.mwcnf,3935,63,71,20,21,[],[]
wuf20-035.mwcnf,4486,59,71,19,21,[],[]
wuf20-0350.mwcnf,3324,64,71,18,21,[],[]
wuf20-0351.mwcnf,5365,63,71,20,21,[],[]
wuf20-0352.mwcnf,4571,62,71,19,21,[],[]
wuf20-0353.mwcnf,5884,67,71,19,21,[],[]
wuf20-0354.mwcnf,3516,65,71,19,21,[],[]
wuf20-0355.mwcnf,4884,64,71,19,21,[],[]
wuf20-0356.mwcnf,5660,65,71,20,21,[],[]
wuf20-0357.mwcnf,4205,64,71,18,21,[],[]
wuf20-0358.mwcnf,5477,68,71,19,21,[],[]
wuf20-0359.mwcnf,3534,58,71,19,21,[],[]
wuf20-036.mwcnf,4778,66,71,18,21,[],[]
wuf20-0360.mwcnf,4201,62,71,19,21,[],[]
wuf20-0361.mwcnf,3917,57,71,18,21,[],[]
wuf20-0362.mwcnf,4122,62,71,19,21,[],[]
wuf20-0363.mwcnf,5416,67,71,19,21,[],[]
wuf20-0364.mwcnf,4004,62,71,19,21,[],[]
wuf20-0365.mwcnf,3647,59,71,19,21,[],[]
wuf20-0366.mwcnf,4233,63,71,18,21,[],[]
wuf20-0367.mwcnf,4211,64,71,19,21,[],[]
wuf20-0368.mwcnf,5170,67,71,19,21,[],[]
wuf20-0369.mwcnf,4130,60,71,18,21,[],[]
wuf20-037.mwcnf,4403,61,71,19,21,[],[]
wuf20-0370.mwcnf,3527,59,71,20,21,[],[]
wuf20-0371.mwcnf,4114,61,71,18,21,[],[]
wuf20-0372.mwcnf,3802,64,71,18,21,[],[]
wuf20-0373.mwcnf,3592,65,71,20,21,[],[]
wuf20-0374.mwcnf,3575,57,71,18,21,[],[]
wuf20-0375.mwcnf,3499,65,71,18,21,[],[]
wuf20-0376.mwcnf,4919,61,71,19,21,[],[]
wuf20-0377.mwcnf,5200,65,71,18,21,[],[]
wuf20-0378.mwcnf,4692,64,71,18,21,[],[]
wuf20-0379.mwcnf,4645,62,71,18,21,[],[]
wuf20-038.mwcnf,4074,62,71,19,21,[],[]
wuf20-0380.mwcnf,3842,64,71,19,21,[],[]
wuf20-0381.mwcnf,5392,64,71,19,21,[],[]
wuf20-0382.mwcnf,4064,58,71,19,21,[],[]
wuf20-0383.mwcnf,3977,64,71,19,21,[],[]
wuf20-0384.mwcnf,4383,61,71,19,21,[],[]
wuf20-0385.mwcnf,3803,55,71,18,21,[],[]
wuf20-0386.mwcnf,5740,65,71,20,21,[],[]
wuf20-0387.mwcnf,3864,64,71,18,21,[],[]
wuf20-0388.mwcnf,4598,62,71,19,21,[],[]
wuf20-0389.mwcnf,3584,58,71,18,21,[],[]
wuf20-039.mwcnf,4326,58,71,19,21,[],[]
wuf20-0390.mwcnf,4296,67,71,18,21,[],[]
wuf20-0391.mwcnf,4484,62,71,18,21,[],[]
wuf20-0392.mwcnf,4903,66,71,19,21,[],[]
wuf20-0393.mwcnf,4334,58,71,18,21,[],[]
wuf20-0394.mwcnf,3773,57,71,18,21,[],[]
wuf20-0395.mwcnf,4934,67,71,18,21,[],[]
wuf20-0396.mwcnf,4005,62,71,19,21,[],[]
wuf20-0397.mwcnf,3843,57,71,19,21,[],[]
wuf20-0398.mwcnf,5300,64,71,19,21,[],[]
wuf20-0399.mwcnf,4196,57,71,20,21,[],[]
wuf20-04.mwcnf,7297,60,71,20,21,[],[]
wuf20-040.mwcnf,4143,63,71,19,21,[],[]
wuf20-0400.mwcnf,5154,67,71,19,21,[],[]
wuf20-0401.mwcnf,5675,67,71,20,21,[],[]
wuf20-0402.mwcnf,3331,63,71,19,21,[],[]
wuf20-0403.mwcnf,5396,65,71,19,21,[],[]
wuf20-0404.mwcnf,3503,57,71,18,21,[],[]
wuf20-0405.mwcnf,3513,56,71,19,21,[],[]
wuf20-0406.mwcnf,4451,64,71,19,21,[],[]
wuf20-0407.mwcnf,4280,62,71,19,21,[],[]
wuf20-0408.mwcnf,5449,67,71,19,21,[],[]
wuf20-0409.mwcnf,3524,61,71,18,21,[],[]
wuf20-041.mwcnf,4695,66,71,18,21,[],[]
wuf20-0410.mwcnf,5244,62,71,19,21,[],[]
wuf20-0411.mwcnf,5272,66,71,19,21,[],[]
wuf20-0412.mwcnf,4230,63,71,19,21,[],[]
wuf20-0413.mwcnf,5171,60,71,18,21,[],[]
wuf20-0414.mwcnf,4942,64,71,18,21,[],[]
wuf20-0415.mwcnf,3001,57,71,19,21,[],[]
wuf20-0416.mwcnf,4931,66,71,19,21,[],[]
wuf20-0417.mwcnf,4737,62,71,19,21,[],[]
wuf20-0418.mwcnf,4659,63,71,19,21,[],[]
wuf20-0419.mwcnf,3735,58,71,18,21,[],[]
wuf20-042.mwcnf,6722,61,71,18,21,[],[]
wuf20-0420.mwcnf,4568,62,71,19,21,[],[]
wuf20-0421.mwcnf,3456,63,71,18,21,[],[]
wuf20-0422.mwcnf,8758,64,71,19,21,[],[]
wuf20-0423.mwcnf,6221,59,71,18,21,[],[]
wuf20-0424.mwcnf,7355,63,71,20,21,[],[]
wuf20-0425.mwcnf,6953,68,71,18,21,[],[]
wuf20-0426.mwcnf,7446,63,71,19,21,[],[]
wuf20-0427.mwcnf,7077,62,71,20,21,[],[]
wuf20-0428.mwcnf,5701,62,71,19,21,[],[]
wuf20-0429.mwcnf,8696,65,71,19,21,[],[]
wuf20-043.mwcnf,6448,58,71,20,21,[],[]
wuf20-0430.mwcnf,6280,62,71,20,21,[],[]
wuf20-0431.mwcnf,7750,63,71,20,21,[],[]
wuf20-0432.mwcnf,7972,64,71,19,21,[],[]
wuf20-0433.mwcnf,6998,57,71,19,21,[],[]
wuf20-0434.mwcnf,7497,61,71,19,21,[],[]
wuf20-0435.mwcnf,7263,64,71,19,21,[],[]
wuf20-0436.mwcnf,7464,62,71,19,21,[],[]
wuf20-0437.mwcnf,5020,57,71,18,21,[],[]
wuf20-0438.mwcnf,6652,63,71,19,21,[],[]
wuf20-0439.mwcnf,7784,64,71,19,21,[],[]
wuf20-044.mwcnf,5697,57,71,18,21,[],[]
wuf20-0440.mwcnf,5922,58,71,19,21,[],[]
wuf20-0441.mwcnf,7563,63,71,19,21,[],[]
wuf20-0442.mwcnf,5873,66,71,20,21,[],[]
wuf20-0443.mwcnf,6873,63,71,20,21,[],[]
wuf20-0444.mwcnf,6042,60,71,18,21,[],[]
wuf20-0445.mwcnf,6200,58,71,18,21,[],[]
wuf20-0446.mwcnf,6472,66,71,20,21,[],[]
wuf20-0447.mwcnf,7430,63,71,19,21,[],[]
wuf20-0448.mwcnf,9035,64,71,19,21,[],[]
wuf20-0449.mwcnf,6914,62,71,18,21,[],[]
wuf20-045.mwcnf,7245,62,71,19,21,[],[]
wuf20-0450.mwcnf,5884,57,71,18,21,[],[]
wuf20-0451.mwcnf,6452,61,71,18,21,[],[]
wuf20-0452.mwcnf,6396,64,71,19,21,[],[]
wuf20-0453.mwcnf,5210,57,71,18,21,[],[]
wuf20-0454.mwcnf,7138,61,71,18,21,[],[]
wuf20-0455.mwcnf,7479,61,71,19,21,[],[]
wuf20-0456.mwcnf,8611,63,71,20,21,[],[]
wuf20-0457.mwcnf,6974,57,71,19,21,[],[]
wuf20-0458.mwcnf,7506,61,71,19,21,[],[]
wuf20-0459.mwcnf,6081,60,71,19,21,[],[]
wuf20-046.mwcnf,6914,60,71,19,21,[],[]
wuf20-0460.mwcnf,7809,64,71,19,21,[],[]
wuf20-0461.mwcnf,8647,63,71,20,21,[],[]
wuf20-0462.mwcnf,9462,66,71,19,21,[],[]
wuf20-0463.mwcnf,6680,65,71,18,21,[],[]
wuf20-0464.mwcnf,5533,57,71,19,21,[],[]
wuf20-0465.mwcnf,6569,64,71,19,21,[],[]
wuf20-0466.mwcnf,5583,49,71,18,21,[],[]
wuf20-0467.mwcnf,6022,57,71,19,21,[],[]
wuf20-0468.mwcnf,6379,63,71,18,21,[],[]
wuf20-0469.mwcnf,6683,64,71,20,21,[],[]
wuf20-047.mwcnf,7343,63,71,19,21,[],[]
wuf20-0470.mwcnf,7408,63,71,19,21,[],[]
wuf20-0471.mwcnf,7136,62,71,19,21,[],[]
wuf20-0472.mwcnf,8327,67,71,19,21,[],[]
wuf20-0473.mwcnf,8363,64,71,19,21,[],[]
wuf20-0474.mwcnf,7940,64,71,19,21,[],[]
wuf20-0475.mwcnf,7874,64,71,21,21,[],[]
wuf20-0476.mwcnf,7408,64,71,18,21,[],[]
wuf20-0477.mwcnf,7639,63,71,19,21,[],[]
wuf20-0478.mwcnf,7489,61,71,20,21,[],[]
wuf20-0479.mwcnf,6525,59,71,18,21,[],[]
wuf20-048.mwcnf,7665,61,71,18,21,[],[]
wuf20-0480.mwcnf,8007,66,71,18,21,[],[]
wuf20-0481.mwcnf,7590,60,71,18,21,[],[]
wuf20-0482.mwcnf,7232,63,71,19,21,[],[]
wuf20-0483.mwcnf,6131,61,71,18,21,[],[]
wuf20-0484.mwcnf,6441,66,71,19,21,[],[]
wuf20-0485.mwcnf,6398,66,71,18,21,[],[]
wuf20-0486.mwcnf,5795,65,71,19,21,[],[]
wuf20-0487.mwcnf,8672,64,71,19,21,[],[]
wuf20-0488.mwcnf,7756,59,71,19,21,[],[]
wuf20-0489.mwcnf,8152,63,71,19,21,[],[]
wuf20-049.mwcnf,8030,65,71,20,21,[],[]
wuf20-0490.mwcnf,8476,66,71,19,21,[],[]
wuf20-0491.mwcnf,8310,67,71,18,21,[],[]
wuf20-0492.mwcnf,7164,65,71,19,21,[],[]
wuf20-0493.mwcnf,6334,60,71,18,21,[],[]
wuf20-0494.mwcnf,7594,62,71,18,21,[],[]
wuf20-0495.mwcnf,7009,61,71,20,21,[],[]
wuf20-0496.mwcnf,7678,66,71,18,21,[],[]
wuf20-0497.mwcnf,5076,61,71,18,21,[],[]
wuf20-0498.mwcnf,7529,66,71,18,21,[],[]
wuf20-0499.mwcnf,8285,66,71,18,21,[],[]
wuf20-05.mwcnf,6640,63,71,19,21,[],[]
wuf20-050.mwcnf,7083,60,71,19,21,[],[]
wuf20-0500.mwcnf,6194,55,71,20,21,[],[]
wuf20-0501.mwcnf,7226,60,71,18,21,[],[]
wuf20-0502.mwcnf,7587,65,71,20,21,[],[]
wuf20-0503.mwcnf,6577,56,71,20,21,[],[]
wuf20-0504.mwcnf,6366,58,71,19,21,[],[]
wuf20-0505.mwcnf,7779,62,71,19,21,[],[]
wuf20-0506.mwcnf,8892,65,71,19,21,[],[]
wuf20-0507.mwcnf,6207,60,71,19,21,[],[]
wuf20-0508.mwcnf,5423,60,71,19,21,[],[]
wuf20-0509.mwcnf,5465,54,71,18,21,[],[]
wuf20-051.mwcnf,7413,63,71,18,21,[],[]
wuf20-0510.mwcnf,5759,61,71,19,21,[],[]
wuf20-0511.mwcnf,7737,65,71,18,21,[],[]
wuf20-0512.mwcnf,7129,62,71,19,21,[],[]
wuf20-0513.mwcnf,6673,62,71,19,21,[],[]
wuf20-0514.mwcnf,9114,64,71,20,21,[],[]
wuf20-0515.mwcnf,6804,62,71,18,21,[],[]
wuf20-0516.mwcnf,7585,63,71,18,21,[],[]
wuf20-0517.mwcnf,7564,61,71,18,21,[],[]
wuf20-0518.mwcnf,7674,65,71,19,21,[],[]
wuf20-0519.mwcnf,7424,62,71,19,21,[],[]
wuf20-052.mwcnf,8666,65,71,19,21,[],[]
wuf20-0520.mwcnf,7742,67,71,19,21,[],[]
wuf20-0521.mwcnf,6749,61,71,19,21,[],[]
wuf20-0522.mwcnf,7015,63,71,18,21,[],[]
wuf20-0523.mwcnf,6863,61,71,19,21,[],[]
wuf20-0524.mwcnf,7535,57,71,20,21,[],[]
wuf20-0525.mwcnf,6108,57,71,18,21,[],[]
wuf20-0526.mwcnf,7162,68,71,18,21,[],[]
wuf20-0527.mwcnf,8854,67,71,20,21,[],[]
wuf20-0528.mwcnf,6506,62,71,19,21,[],[]
wuf20-0529.mwcnf,8862,64,71,19,21,[],[]
wuf20-053.mwcnf,8785,65,71,20,21,[],[]
wuf20-0530.mwcnf,7043,63,71,18,21,[],[]
wuf20-0531.mwcnf,7525,65,71,19,21,[],[]
wuf20-0532.mwcnf,6426,52,71,19,21,[],[]
wuf20-0533.mwcnf,7974,63,71,19,21,[],[]
wuf20-0534.mwcnf,7558,59,71,19,21,[],[]
wuf20-0535.mwcnf,5091,56,71,19,21,[],[]
wuf20-0536.mwcnf,7335,60,71,19,21,[],[]
wuf20-0537.mwcnf,7320,67,71,18,21,[],[]
wuf20-0538.mwcnf,7479,65,71,19,21,[],[]
wuf20-0539.mwcnf,7106,60,71,19,21,[],[]
wuf20-054.mwcnf,6089,57,71,18,21,[],[]
wuf20-0540.mwcnf,6777,64,71,19,21,[],[]
wuf20-0541.mwcnf,7029,63,71,19,21,[],[]
wuf20-0542.mwcnf,7331,63,71,18,21,[],[]
wuf20-0543.mwcnf,8762,66,71,21,21,[],[]
wuf20-0544.mwcnf,7416,65,71,19,21,[],[]
wuf20-0545.mwcnf,7794,66,71,18,21,[],[]
wuf20-0546.mwcnf,6068,62,71,19,21,[],[]
wuf20-0547.mwcnf,7385,62,71,19,21,[],[]
wuf20-0548.mwcnf,5593,60,71,19,21,[],[]
wuf20-0549.mwcnf,7635,61,71,19,21,[],[]
wuf20-055.mwcnf,6923,64,71,20,21,[],[]
wuf20-0550.mwcnf,7140,60,71,19,21,[],[]
wuf20-0551.mwcnf,6154,65,71,18,21,[],[]
wuf20-0552.mwcnf,8095,67,71,19,21,[],[]
wuf20-0553.mwcnf,6278,62,71,18,21,[],[]
wuf20-0554.mwcnf,9053,70,71,18,21,[],[]
wuf20-0555.mwcnf,7006,62,71,19,21,[],[]
wuf20-0556.mwcnf,9236,63,71,20,21,[],[]
wuf20-0557.mwcnf,5933,57,71,19,21,[],[]
wuf20-0558.mwcnf,5747,59,71,19,21,[],[]
wuf20-0559.mwcnf,6877,60,71,19,21,[],[]
wuf20-056.mwcnf,7011,55,71,19,21,[],[]
wuf20-0560.mwcnf,8151,66,71,19,21,[],[]
wuf20-0561.mwcnf,8317,65,71,19,21,[],[]
wuf20-0562.mwcnf,7792,65,71,19,21,[],[]
wuf20-0563.mwcnf,7626,59,71,19,21,[],[]
wuf20-0564.mwcnf,6270,60,71,18,21,[],[]
wuf20-0565.mwcnf,6728,61,71,19,21,[],[]
wuf20-0566.mwcnf,6846,60,71,19,21,[],[]
wuf20-0567.mwcnf,5704,57,71,18,21,[],[]
wuf20-0568.mwcnf,8456,67,71,21,21,[],[]
wuf20-0569.mwcnf,6289,63,71,20,21,[],[]
wuf20-057.mwcnf,8216,66,71,18,21,[],[]
wuf20-0570.mwcnf,7346,64,71,19,21,[],[]
wuf20-0571.mwcnf,7966,63,71,19,21,[],[]
wuf20-0572.mwcnf,7303,65,71,19,21,[],[]
wuf20-0573.mwcnf,7722,68,71,19,21,[],[]
wuf20-0574.mwcnf,8281,61,71,18,21,[],[]
wuf20-0575.mwcnf,7282,59,71,19,21,[],[]
wuf20-0576.mwcnf,7026,63,71,18,21,[],[]
wuf20-0577.mwcnf,5612,61,71,19,21,[],[]
wuf20-0578.mwcnf,8236,65,71,19,21,[],[]
wuf20-0579.mwcnf,8475,63,71,19,21,[],[]
wuf20-058.mwcnf,7365,63,71,20,21,[],[]
wuf20-0580.mwcnf,7012,60,71,19,21,[],[]
wuf20-0581.mwcnf,8684,65,71,19,21,[],[]
wuf20-0582.mwcnf,7635,63,71,18,21,[],[]
wuf20-0583.mwcnf,7847,62,71,19,21,[],[]
wuf20-0584.mwcnf,5774,58,71,18,21,[],[]
wuf20-0585.mwcnf,8276,66,71,18,21,[],[]
wuf20-0586.mwcnf,7083,59,71,18,21,[],[]
wuf20-0587.mwcnf,5238,60,71,19,21,[],[]
wuf20-0588.mwcnf,6112,57,71,19,21,[],[]
wuf20-0589.mwcnf,9881,71,71,19,21,[],[]
wuf20-059.mwcnf,7811,62,71,19,21,[],[]
wuf20-0590.mwcnf,5227,53,71,18,21,[],[]
wuf20-0591.mwcnf,6598,62,71,19,21,[],[]
wuf20-0592.mwcnf,6805,66,71,19,21,[],[]
wuf20-0593.mwcnf,7200,62,71,18,21,[],[]
wuf20-0594.mwcnf,7693,64,71,18,21,[],[]
wuf20-0595.mwcnf,7179,62,71,19,21,[],[]
wuf20-0596.mwcnf,6497,59,71,18,21,[],[]
wuf20-0597.mwcnf,7352,62,71,19,21,[],[]
wuf20-0598.mwcnf,7380,61,71,19,21,[],[]
wuf20-0599.mwcnf,5696,60,71,18,21,[],[]
wuf20-06.mwcnf,2036,67,71,19,21,[],[]
wuf20-060.mwcnf,8837,64,71,19,21,[],[]
wuf20-0600.mwcnf,5873,61,71,18,21,[],[]
wuf20-0601.mwcnf,7562,64,71,19,21,[],[]
wuf20-0602.mwcnf,7031,63,71,19,21,[],[]
wuf20-0603.mwcnf,6149,57,71,18,21,[],[]
wuf20-0604.mwcnf,8258,62,71,19,21,[],[]
wuf20-0605.mwcnf,7021,65,71,19,21,[],[]
wuf20-0606.mwcnf,7946,63,71,19,21,[],[]
wuf20-0607.mwcnf,8089,63,71,19,21,[],[]
wuf20-0608.mwcnf,6430,60,71,19,21,[],[]
wuf20-0609.mwcnf,7050,58,71,19,21,[],[]
wuf20-061.mwcnf,8213,60,71,20,21,[],[]
wuf20-0610.mwcnf,8201,68,71,18,21,[],[]
wuf20-0611.mwcnf,7711,65,71,19,21,[],[]
wuf20-0612.mwcnf,5958,60,71,19,21,[],[]
wuf20-0613.mwcnf,6150,57,71,18,21,[],[]
wuf20-0614.mwcnf,8035,67,71,19,21,[],[]
wuf20-0615.mwcnf,6968,61,71,19,21,[],[]
wuf20-0616.mwcnf,5029,62,71,19,21,[],[]
wuf20-0617.mwcnf,6950,62,71,19,21,[],[]
wuf20-0618.mwcnf,7616,66,71,18,21,[],[]
wuf20-0619.mwcnf,7748,62,71,19,21,[],[]
wuf20-062.mwcnf,5988,55,71,19,21,[],[]
wuf20-0620.mwcnf,6130,55,71,19,21,[],[]
wuf20-0621.mwcnf,8394,60,71,19,21,[],[]
wuf20-0622.mwcnf,4719,65,71,18,21,[],[]
wuf20-0623.mwcnf,7750,58,71,19,21,[],[]
wuf20-0624.mwcnf,6754,58,71,19,21,[],[]
wuf20-0625.mwcnf,6944,58,71,19,21,[],[]
wuf20-0626.mwcnf,7282,59,71,19,21,[],[]
wuf20-0627.mwcnf,6900,62,71,18,21,[],[]
wuf20-0628.mwcnf,8858,63,71,19,21,[],[]
wuf20-0629.mwcnf,8492,60,71,19,21,[],[]
wuf20-063.mwcnf,7040,64,71,19,21,[],[]
wuf20-0630.mwcnf,7882,62,71,19,21,[],[]
wuf20-0631.mwcnf,8528,66,71,20,21,[],[]
wuf20-0632.mwcnf,7710,60,71,19,21,[],[]
wuf20-0633.mwcnf,7235,63,71,19,21,[],[]
wuf20-0634.mwcnf,7127,62,71,19,21,[],[]
wuf20-0635.mwcnf,8187,65,71,18,21,[],[]
wuf20-0636.mwcnf,6926,62,71,19,21,[],[]
wuf20-0637.mwcnf,5011,55,71,18,21,[],[]
wuf20-0638.mwcnf,6660,60,71,19,21,[],[]
wuf20-0639.mwcnf,7737,56,71,18,21,[],[]
wuf20-064.mwcnf,7392,60,71,20,21,[],[]
wuf20-0640.mwcnf,7056,63,71,19,21,[],[]
wuf20-0641.mwcnf,6025,56,71,18,21,[],[]
wuf20-0642.mwcnf,5745,63,71,18,21,[],[]
wuf20-0643.mwcnf,6585,63,71,18,21,[],[]
wuf20-0644.mwcnf,8834,65,71,19,21,[],[]
wuf20-0645.mwcnf,6336,60,71,19,21,[],[]
wuf20-0646.mwcnf,8332,66,71,19,21,[],[]
wuf20-0647.mwcnf,6316,60,71,18,21,[],[]
wuf20-0648.mwcnf,7915,70,71,19,21,[],[]
wuf20-0649.mwcnf,6871,60,71,20,21,[],[]
wuf20-065.mwcnf,7749,62,71,19,21,[],[]
wuf20-0650.mwcnf,6418,58,71,19,21,[],[]
wuf20-0651.mwcnf,6839,62,71,18,21,[],[]
wuf20-0652.mwcnf,7285,62,71,18,21,[],[]
wuf20-0653.mwcnf,6641,62,71,19,21,[],[]
wuf20-0654.mwcnf,6292,61,71,19,21,[],[]
wuf20-0655.mwcnf,6081,63,71,18,21,[],[]
wuf20-0656.mwcnf,6196,57,71,19,21,[],[]
wuf20-0657.mwcnf,5665,61,71,18,21,[],[]
wuf20-0658.mwcnf,6868,57,71,19,21,[],[]
wuf20-0659.mwcnf,7371,63,71,19,21,[],[]
wuf20-066.mwcnf,9429,64,71,20,21,[],[]
wuf20-0660.mwcnf,7189,64,71,18,21,[],[]
wuf20-0661.mwcnf,8707,64,71,19,21,[],[]
wuf20-0662.mwcnf,7579,64,71,19,21,[],[]
wuf20-0663.mwcnf,6197,55,71,19,21,[],[]
wuf20-0664.mwcnf,8165,65,71,18,21,[],[]
wuf20-0665.mwcnf,7598,65,71,19,21,[],[]
wuf20-0666.mwcnf,7181,64,71,20,21,[],[]
wuf20-0667.mwcnf,7213,62,71,18,21,[],[]
wuf20-0668.mwcnf,8803,65,71,18,21,[],[]
wuf20-0669.mwcnf,7503,63,71,19,21,[],[]
wuf20-067.mwcnf,7384,66,71,19,21,[],[]
wuf20-0670.mwcnf,6779,61,71,19,21,[],[]
wuf20-0671.mwcnf,7455,59,71,20,21,[],[]
wuf20-0672.mwcnf,6547,64,71,19,21,[],[]
wuf20-0673.mwcnf,4992,61,71,19,21,[],[]
wuf20-0674.mwcnf,6949,65,71,18,21,[],[]
wuf20-0675.mwcnf,8169,63,71,18,21,[],[]
wuf20-0676.mwcnf,6327,60,71,18,21,[],[]
wuf20-0677.mwcnf,7485,63,71,19,21,[],[]
wuf20-0678.mwcnf,7953,62,71,19,21,[],[]
wuf20-0679.mwcnf,9190,66,71,18,21,[],[]
wuf20-068.mwcnf,8210,66,71,19,21,[],[]
wuf20-0680.mwcnf,9476,71,71,19,21,[],[]
wuf20-0681.mwcnf,7970,62,71,20,21,[],[]
wuf20-0682.mwcnf,6459,60,71,19,21,[],[]
wuf20-0683.mwcnf,5042,58,71,19,21,[],[]
wuf20-0684.mwcnf,8296,66,71,20,21,[],[]
wuf20-0685.mwcnf,7794,63,71,19,21,[],[]
wuf20-0686.mwcnf,5643,61,71,19,21,[],[]
wuf20-0687.mwcnf,7539,65,71,20,21,[],[]
wuf20-0688.mwcnf,7766,62,71,19,21,[],[]
wuf20-0689.mwcnf,6470,64,71,18,21,[],[]
wuf20-069.mwcnf,2035,67,71,20,21,[],[]
wuf20-0690.mwcnf,7502,63,71,18,21,[],[]
wuf20-0691.mwcnf,7188,63,71,19,21,[],[]
wuf20-0692.mwcnf,1877,65,71,18,21,[],[]
wuf20-0693.mwcnf,1498,52,71,19,21,[],[]
wuf20-0694.mwcnf,1740,65,71,19,21,[],[]
wuf20-0695.mwcnf,1987,64,71,18,21,[],[]
wuf20-0696.mwcnf,1628,60,71,20,21,[],[]
wuf20-0697.mwcnf,1930,65,71,19,21,[],[]
wuf20-0698.mwcnf,2243,67,71,20,21,[],[]
wuf20-0699.mwcnf,1821,63,71,19,21,[],[]
wuf20-07.mwcnf,1888,62,71,21,21,[],[]
wuf20-070.mwcnf,2023,67,71,19,21,[],[]
wuf20-0700.mwcnf,1928,63,71,20,21,[],[]
wuf20-0701.mwcnf,1659,54,71,20,21,[],[]
wuf20-0702.mwcnf,1923,63,71,19,21,[],[]
wuf20-0703.mwcnf,1790,67,71,19,21,[],[]
wuf20-0704.mwcnf,1547,58,71,19,21,[],[]
wuf20-0705.mwcnf,2068,65,71,18,21,[],[]
wuf20-0706.mwcnf,1861,62,71,19,21,[],[]
wuf20-0707.mwcnf,1962,61,71,19,21,[],[]
wuf20-0708.mwcnf,1934,63,71,19,21,[],[]
wuf20-0709.mwcnf,2361,67,71,20,21,[],[]
wuf20-071.mwcnf,1516,55,71,18,21,[],[]
wuf20-0710.mwcnf,1176,60,71,17,21,[],[]
wuf20-0711.mwcnf,1368,56,71,19,21,[],[]
wuf20-0712.mwcnf,1533,61,71,18,21,[],[]
wuf20-0713.mwcnf,1991,62,71,19,21,[],[]
wuf20-0714.mwcnf,1623,62,71,19,21,[],[]
wuf20-0715.mwcnf,1544,62,71,19,21,[],[]
wuf20-0716.mwcnf,1859,62,71,19,21,[],[]
wuf20-0717.mwcnf,1397,61,71,20,21,[],[]
wuf20-0718.mwcnf,1612,64,71,20,21,[],[]
wuf20-0719.mwcnf,1867,61,71,20,21,[],[]
wuf20-072.mwcnf,1710,63,71,19,21,[],[]
wuf20-0720.mwcnf,2144,66,71,20,21,[],[]
wuf20-0721.mwcnf,2008,62,71,19,21,[],[]
wuf20-0722.mwcnf,1607,64,71,18,21,[],[]
wuf20-0723.mwcnf,2185,69,71,19,21,[],[]
wuf20-0724.mwcnf,2153,65,71,18,21,[],[]
wuf20-0725.mwcnf,1948,66,71,19,21,[],[]
wuf20-0726.mwcnf,1759,60,71,19,21,[],[]
wuf20-0727.mwcnf,2062,62,71,19,21,[],[]
wuf20-0728.mwcnf,1496,64,71,18,21,[],[]
wuf20-0729.mwcnf,1309,57,71,18,21,[],[]
wuf20-073.mwcnf,2217,68,71,18,21,[],[]
wuf20-0730.mwcnf,1656,60,71,18,21,[],[]
wuf20-0731.mwcnf,1480,56,71,19,21,[],[]
wuf20-0732.mwcnf,1611,55,71,19,21,[],[]
wuf20-0733.mwcnf,1868,65,71,19,21,[],[]
wuf20-0734.mwcnf,2139,67,71,19,21,[],[]
wuf20-0735.mwcnf,1346,59,71,18,21,[],[]
wuf20-0736.mwcnf,1577,57,71,18,21,[],[]
wuf20-0737.mwcnf,1530,63,71,19,21,[],[]
wuf20-0738.mwcnf,1696,64,71,20,21,[],[]
wuf20-0739.mwcnf,2076,62,71,18,21,[],[]
wuf20-074.mwcnf,1938,61,71,19,21,[],[]
wuf20-0740.mwcnf,2201,69,71,19,21,[],[]
wuf20-0741.mwcnf,1500,62,71,19,21,[],[]
wuf20-0742.mwcnf,1764,64,71,18,21,[],[]
wuf20-0743.mwcnf,1660,57,71,19,21,[],[]
wuf20-0744.mwcnf,1977,69,71,19,21,[],[]
wuf20-0745.mwcnf,1895,64,71,19,21,[],[]
wuf20-0746.mwcnf,2032,67,71,19,21,[],[]
wuf20-0747.mwcnf,1888,58,71,19,21,[],[]
wuf20-0748.mwcnf,1558,54,71,20,21,[],[]
wuf20-0749.mwcnf,2473,66,71,20,21,[],[]
wuf20-075.mwcnf,1633,57,71,20,21,[],[]
wuf20-0750.mwcnf,2450,66,71,20,21,[],[]
wuf20-0751.mwcnf,1552,62,71,19,21,[],[]
wuf20-0752.mwcnf,1662,63,71,19,21,[],[]
wuf20-0753.mwcnf,1699,60,71,18,21,[],[]
wuf20-0754.mwcnf,1930,66,71,19,21,[],[]
wuf20-0755.mwcnf,1858,66,71,18,21,[],[]
wuf20-0756.mwcnf,1722,61,71,19,21,[],[]
wuf20-0757.mwcnf,1857,62,71,19,21,[],[]
wuf20-0758.mwcnf,2316,70,71,19,21,[],[]
wuf20-0759.mwcnf,2011,67,71,19,21,[],[]
wuf20-076.mwcnf,1451,60,71,19,21,[],[]
wuf20-0760.mwcnf,1709,62,71,19,21,[],[]
wuf20-0761.mwcnf,2014,65,71,19,21,[],[]
wuf20-0762.mwcnf,1918,61,71,19,21,[],[]
wuf20-0763.mwcnf,2085,67,71,18,21,[],[]
wuf20-0764.mwcnf,2152,66,71,19,21,[],[]
wuf20-0765.mwcnf,1798,61,71,19,21,[],[]
wuf20-0766.mwcnf,1805,64,71,19,21,[],[]
wuf20-0767.mwcnf,1811,62,71,19,21,[],[]
wuf20-0768.mwcnf,1608,60,71,19,21,[],[]
wuf20-0769.mwcnf,1708,61,71,19,21,[],[]
wuf20-077.mwcnf,1361,60,71,19,21,[],[]
wuf20-0770.mwcnf,1976,67,71,18,21,[],[]
wuf20-0771.mwcnf,1801,60,71,19,21,[],[]
wuf20-0772.mwcnf,1948,64,71,19,21,[],[]
wuf20-0773.mwcnf,1655,60,71,19,21,[],[]
wuf20-0774.mwcnf,1536,58,71,18,21,[],[]
wuf20-0775.mwcnf,1336,56,71,18,21,[],[]
wuf20-0776.mwcnf,1826,63,71,19,21,[],[]
wuf20-0777.mwcnf,1709,59,71,18,21,[],[]
wuf20-0778.mwcnf,1379,59,71,19,21,[],[]
wuf20-0779.mwcnf,1518,61,71,18,21,[],[]
wuf20-078.mwcnf,1658,65,71,20,21,[],[]
wuf20-0780.mwcnf,1970,64,71,19,21,[],[]
wuf20-0781.mwcnf,1488,59,71,19,21,[],[]
wuf20-0782.mwcnf,1551,55,71,19,21,[],[]
wuf20-0783.mwcnf,1935,67,71,19,21,[],[]
wuf20-0784.mwcnf,1562,59,71,18,21,[],[]
wuf20-0785.mwcnf,1399,60,71,18,21,[],[]
wuf20-0786.mwcnf,1831,58,71,19,21,[],[]
wuf20-0787.mwcnf,1431,57,71,20,21,[],[]
wuf20-0788.mwcnf,2081,64,71,19,21,[],[]
wuf20-0789.mwcnf,2202,64,71,19,21,[],[]
wuf20-079.mwcnf,1645,62,71,20,21,[],[]
wuf20-0790.mwcnf,2019,63,71,19,21,[],[]
wuf20-0791.mwcnf,2189,67,71,20,21,[],[]
wuf20-0792.mwcnf,1153,51,71,19,21,[],[]
wuf20-0793.mwcnf,1912,68,71,19,21,[],[]
wuf20-0794.mwcnf,1980,63,71,18,21,[],[]
wuf20-0795.mwcnf,1646,59,71,19,21,[],[]
wuf20-0796.mwcnf,1680,60,71,21,21,[],[]
wuf20-0797.mwcnf,1910,62,71,19,21,[],[]
wuf20-0798.mwcnf,2067,61,71,18,21,[],[]
wuf20-0799.mwcnf,1494,57,71,18,21,[],[]
wuf20-08.mwcnf,1748,61,71,20,21,[],[]
wuf20-080.mwcnf,1816,61,71,19,21,[],[]
wuf20-0800.mwcnf,1926,66,71,19,21,[],[]
wuf20-0801.mwcnf,2298,68,71,19,21,[],[]
wuf20-0802.mwcnf,1658,58,71,18,21,[],[]
wuf20-0803.mwcnf,1960,61,71,20,21,[],[]
wuf20-0804.mwcnf,1620,65,71,19,21,[],[]
wuf20-0805.mwcnf,2197,70,71,19,21,[],[]
wuf20-0806.mwcnf,1688,61,71,19,21,[],[]
wuf20-0807.mwcnf,1394,59,71,19,21,[],[]
wuf20-0808.mwcnf,1742,65,71,19,21,[],[]
wuf20-0809.mwcnf,1685,62,71,20,21,[],[]
wuf20-081.mwcnf,1819,63,71,18,21,[],[]
wuf20-0810.mwcnf,1434,57,71,19,21,[],[]
wuf20-0811.mwcnf,2202,64,71,21,21,[],[]
wuf20-0812.mwcnf,1760,65,71,18,21,[],[]
wuf20-0813.mwcnf,1596,64,71,18,21,[],[]
wuf20-0814.mwcnf,1920,64,71,20,21,[],[]
wuf20-0815.mwcnf,1948,56,71,20,21,[],[]
wuf20-0816.mwcnf,1424,60,71,18,21,[],[]
wuf20-0817.mwcnf,1485,58,71,18,21,[],[]
wuf20-0818.mwcnf,2042,64,71,20,21,[],[]
wuf20-0819.mwcnf,2019,64,71,20,21,[],[]
wuf20-082.mwcnf,1729,64,71,18,21,[],[]
wuf20-0820.mwcnf,1932,65,71,19,21,[],[]
wuf20-0821.mwcnf,1406,59,71,19,21,[],[]
wuf20-0822.mwcnf,1409,59,71,18,21,[],[]
wuf20-0823.mwcnf,1805,62,71,20,21,[],[]
wuf20-0824.mwcnf,1641,63,71,19,21,[],[]
wuf20-0825.mwcnf,1602,58,71,19,21,[],[]
wuf20-0826.mwcnf,2308,68,71,20,21,[],[]
wuf20-0827.mwcnf,1600,58,71,19,21,[],[]
wuf20-0828.mwcnf,1960,65,71,18,21,[],[]
wuf20-0829.mwcnf,1911,67,71,19,21,[],[]
wuf20-083.mwcnf,2047,63,71,19,21,[],[]
wuf20-0830.mwcnf,1878,67,71,18,21,[],[]
wuf20-0831.mwcnf,1971,67,71,19,21,[],[]
wuf20-0832.mwcnf,1318,58,71,19,21,[],[]
wuf20-0833.mwcnf,1595,62,71,19,21,[],[]
wuf20-0834.mwcnf,1567,59,71,19,21,[],[]
wuf20-0835.mwcnf,2024,62,71,19,21,[],[]
wuf20-0836.mwcnf,1964,62,71,19,21,[],[]
wuf20-0837.mwcnf,1320,60,71,19,21,[],[]
wuf20-0838.mwcnf,1397,61,71,18,21,[],[]
wuf20-0839.mwcnf,1521,62,71,18,21,[],[]
wuf20-084.mwcnf,2380,69,71,19,21,[],[]
wuf20-0840.mwcnf,2110,66,71,19,21,[],[]
wuf20-0841.mwcnf,1917,62,71,19,21,[],[]
wuf20-0842.mwcnf,1580,56,71,19,21,[],[]
wuf20-0843.mwcnf,1492,53,71,19,21,[],[]
wuf20-0844.mwcnf,2304,69,71,19,21,[],[]
wuf20-0845.mwcnf,1796,63,71,18,21,[],[]
wuf20-0846.mwcnf,2198,70,71,18,21,[],[]
wuf20-0847.mwcnf,1826,65,71,19,21,[],[]
wuf20-0848.mwcnf,1796,63,71,19,21,[],[]
wuf20-0849.mwcnf,2203,64,71,19,21,[],[]
wuf20-085.mwcnf,2153,65,71,19,21,[],[]
wuf20-0850.mwcnf,1543,61,71,19,21,[],[]
wuf20-0851.mwcnf,1660,62,71,20,21,[],[]
wuf20-0852.mwcnf,1537,60,71,19,21,[],[]
wuf20-0853.mwcnf,1383,64,71,18,21,[],[]
wuf20-0854.mwcnf,1499,51,71,19,21,[],[]
wuf20-0855.mwcnf,1961,64,71,18,21,[],[]
wuf20-0856.mwcnf,1583,53,71,20,21,[],[]
wuf20-0857.mwcnf,1313,60,71,19,21,[],[]
wuf20-0858.mwcnf,1789,62,71,19,21,[],[]
wuf20-0859.mwcnf,2253,67,71,20,21,[],[]
wuf20-086.mwcnf,1662,61,71,19,21,[],[]
wuf20-0860.mwcnf,1876,60,71,19,21,[],[]
wuf20-0861.mwcnf,1510,59,71,18,21,[],[]
wuf20-0862.mwcnf,1790,65,71,19,21,[],[]
wuf20-0863.mwcnf,2020,71,71,19,21,[],[]
wuf20-0864.mwcnf,2452,68,71,20,21,[],[]
wuf20-0865.mwcnf,1731,58,71,18,21,[],[]
wuf20-0866.mwcnf,1519,57,71,18,21,[],[]
wuf20-0867.mwcnf,2344,67,71,19,21,[],[]
wuf20-0868.mwcnf,1629,57,71,19,21,[],[]
wuf20-0869.mwcnf,1961,63,71,19,21,[],[]
wuf20-087.mwcnf,1902,65,71,19,21,[],[]
wuf20-0870.mwcnf,1870,63,71,18,21,[],[]
wuf20-0871.mwcnf,1798,64,71,19,21,[],[]
wuf20-0872.mwcnf,1401,62,71,20,21,[],[]
wuf20-0873.mwcnf,2207,60,71,19,21,[],[]
wuf20-0874.mwcnf,2425,63,71,20,21,[],[]
wuf20-0875.mwcnf,1683,63,71,18,21,[],[]
wuf20-0876.mwcnf,1780,64,71,19,21,[],[]
wuf20-0877.mwcnf,1701,59,71,19,21,[],[]
wuf20-0878.mwcnf,1508,59,71,20,21,[],[]
wuf20-0879.mwcnf,2069,66,71,19,21,[],[]
wuf20-088.mwcnf,2105,66,71,19,21,[],[]
wuf20-0880.mwcnf,1835,65,71,20,21,[],[]
wuf20-0881.mwcnf,1705,67,71,18,21,[],[]
wuf20-0882.mwcnf,2495,67,71,20,21,[],[]
wuf20-0883.mwcnf,1490,54,71,19,21,[],[]
wuf20-0884.mwcnf,1894,63,71,19,21,[],[]
wuf20-0885.mwcnf,1666,64,71,18,21,[],[]
wuf20-0886.mwcnf,2183,62,71,18,21,[],[]
wuf20-0887.mwcnf,1805,60,71,20,21,[],[]
wuf20-0888.mwcnf,1986,63,71,19,21,[],[]
wuf20-0889.mwcnf,1774,61,71,18,21,[],[]
wuf20-089.mwcnf,1474,55,71,19,21,[],[]
wuf20-0890.mwcnf,1816,57,71,20,21,[],[]
wuf20-0891.mwcnf,1956,61,71,20,21,[],[]
wuf20-0892.mwcnf,1815,64,71,19,21,[],[]
wuf20-0893.mwcnf,1663,61,71,19,21,[],[]
wuf20-0894.mwcnf,2310,69,71,19,21,[],[]
wuf20-0895.mwcnf,1756,63,71,19,21,[],[]
wuf20-0896.mwcnf,1522,64,71,18,21,[],[]
wuf20-0897.mwcnf,2127,69,71,19,21,[],[]
wuf20-0898.mwcnf,1651,59,71,20,21,[],[]
wuf20-0899.mwcnf,2003,63,71,19,21,[],[]
wuf20-09.mwcnf,10555,61,71,19,21,[],[]
wuf20-090.mwcnf,2297,70,71,20,21,[],[]
wuf20-0900.mwcnf,1896,63,71,19,21,[],[]
wuf20-0901.mwcnf,2296,65,71,19,21,[],[]
wuf20-0902.mwcnf,1810,60,71,19,21,[],[]
wuf20-0903.mwcnf,1756,57,71,19,21,[],[]
wuf20-0904.mwcnf,1658,57,71,20,21,[],[]
wuf20-0905.mwcnf,1751,63,71,19,21,[],[]
wuf20-0906.mwcnf,1925,64,71,20,21,[],[]
wuf20-0907.mwcnf,1607,59,71,19,21,[],[]
wuf20-0908.mwcnf,1388,62,71,18,21,[],[]
wuf20-0909.mwcnf,1666,55,71,18,21,[],[]
wuf20-091.mwcnf,2042,60,71,20,21,[],[]
wuf20-0910.mwcnf,1687,61,71,19,21,[],[]
wuf20-0911.mwcnf,1816,62,71,19,21,[],[]
wuf20-0912.mwcnf,1535,56,71,19,21,[],[]
wuf20-0913.mwcnf,1756,59,71,19,21,[],[]
wuf20-0914.mwcnf,1865,65,71,19,21,[],[]
wuf20-0915.mwcnf,1652,60,71,19,21,[],[]
wuf20-0916.mwcnf,1897,64,71,19,21,[],[]
wuf20-0917.mwcnf,1636,59,71,20,21,[],[]
wuf20-0918.mwcnf,2007,62,71,19,21,[],[]
wuf20-0919.mwcnf,2000,66,71,19,21,[],[]
wuf20-092.mwcnf,2199,66,71,17,21,[],[]
wuf20-0920.mwcnf,2177,69,71,18,21,[],[]
wuf20-0921.mwcnf,2061,65,71,19,21,[],[]
wuf20-0922.mwcnf,2198,66,71,19,21,[],[]
wuf20-0923.mwcnf,1836,55,71,18,21,[],[]
wuf20-0924.mwcnf,2063,60,71,20,21,[],[]
wuf20-0925.mwcnf,1938,65,71,19,21,[],[]
wuf20-0926.mwcnf,1907,61,71,19,21,[],[]
wuf20-0927.mwcnf,1861,60,71,20,21,[],[]
wuf20-0928.mwcnf,1999,63,71,19,21,[],[]
wuf20-0929.mwcnf,1781,59,71,19,21,[],[]
wuf20-093.mwcnf,1446,59,71,18,21,[],[]
wuf20-0930.mwcnf,1922,61,71,20,21,[],[]
wuf20-0931.mwcnf,1998,65,71,18,21,[],[]
wuf20-0932.mwcnf,1850,62,71,19,21,[],[]
wuf20-0933.mwcnf,1737,60,71,20,21,[],[]
wuf20-0934.mwcnf,2006,63,71,20,21,[],[]
wuf20-0935.mwcnf,2255,68,71,20,21,[],[]
wuf20-0936.mwcnf,1635,63,71,19,21,[],[]
wuf20-0937.mwcnf,1316,62,71,18,21,[],[]
wuf20-0938.mwcnf,1807,61,71,19,21,[],[]
wuf20-0939.mwcnf,1474,59,71,19,21,[],[]
wuf20-094.mwcnf,1934,65,71,19,21,[],[]
wuf20-0940.mwcnf,1900,62,71,19,21,[],[]
wuf20-0941.mwcnf,1298,57,71,18,21,[],[]
wuf20-0942.mwcnf,1698,61,71,19,21,[],[]
wuf20-0943.mwcnf,1967,64,71,19,21,[],[]
wuf20-0944.mwcnf,1751,61,71,19,21,[],[]
wuf20-0945.mwcnf,1694,61,71,18,21,[],[]
wuf20-0946.mwcnf,1907,68,71,18,21,[],[]
wuf20-0947.mwcnf,1818,64,71,20,21,[],[]
wuf20-0948.mwcnf,2207,66,71,19,21,[],[]
wuf20-0949.mwcnf,1526,55,71,19,21,[],[]
wuf20-095.mwcnf,9798,64,71,18,21,[],[]
wuf20-0950.mwcnf,1704,58,71,19,21,[],[]
wuf20-0951.mwcnf,1615,58,71,19,21,[],[]
wuf20-0952.mwcnf,1578,60,71,19,21,[],[]
wuf20-0953.mwcnf,1683,60,71,19,21,[],[]
wuf20-0954.mwcnf,2176,68,71,19,21,[],[]
wuf20-0955.mwcnf,1987,64,71,18,21,[],[]
wuf20-0956.mwcnf,1483,60,71,18,21,[],[]
wuf20-0957.mwcnf,1851,59,71,19,21,[],[]
wuf20-0958.mwcnf,1675,57,71,19,21,[],[]
wuf20-0959.mwcnf,2047,61,71,19,21,[],[]
wuf20-096.mwcnf,11168,69,71,19,21,[],[]
wuf20-0960.mwcnf,10255,62,71,19,21,[],[]
wuf20-0961.mwcnf,6115,55,71,19,21,[],[]
wuf20-0962.mwcnf,8379,64,71,19,21,[],[]
wuf20-0963.mwcnf,8198,61,71,19,21,[],[]
wuf20-0964.mwcnf,9416,65,71,18,21,[],[]
wuf20-0965.mwcnf,8756,61,71,18,21,[],[]
wuf20-0966.mwcnf,9756,61,71,18,21,[],[]
wuf20-0967.mwcnf,10269,64,71,18,21,[],[]
wuf20-0968.mwcnf,7687,60,71,18,21,[],[]
wuf20-0969.mwcnf,9438,56,71,19,21,[],[]
wuf20-097.mwcnf,8327,55,71,19,21,[],[]
wuf20-0970.mwcnf,8477,55,71,19,21,[],[]
wuf20-0971.mwcnf,7343,60,71,19,21,[],[]
wuf20-0972.mwcnf,10972,65,71,18,21,[],[]
wuf20-0973.mwcnf,9637,59,71,18,21,[],[]
wuf20-0974.mwcnf,9545,66,71,19,21,[],[]
wuf20-0975.mwcnf,11822,66,71,19,21,[],[]
wuf20-0976.mwcnf,10081,60,71,19,21,[],[]
wuf20-0977.mwcnf,8816,62,71,18,21,[],[]
wuf20-0978.mwcnf,11711,65,71,19,21,[],[]
wuf20-0979.mwcnf,8287,54,71,19,21,[],[]
wuf20-098.mwcnf,9015,64,71,18,21,[],[]
wuf20-0980.mwcnf,8752,64,71,19,21,[],[]
wuf20-0981.mwcnf,8629,60,71,20,21,[],[]
wuf20-0982.mwcnf,7974,60,71,18,21,[],[]
wuf20-0983.mwcnf,9798,60,71,20,21,[],[]
wuf20-0984.mwcnf,10001,61,71,20,21,[],[]
wuf20-0985.mwcnf,12092,67,71,19,21,[],[]
wuf20-0986.mwcnf,7955,58,71,19,21,[],[]
wuf20-0987.mwcnf,10793,63,71,19,21,[],[]
wuf20-0988.mwcnf,8662,62,71,18,21,[],[]
wuf20-0989.mwcnf,8308,61,71,18,21,[],[]
wuf20-099.mwcnf,6641,57,71,18,21,[],[]
wuf20-0990.mwcnf,10365,63,71,19,21,[],[]
wuf20-0991.mwcnf,9056,60,71,18,21,[],[]
wuf20-0992.mwcnf,7944,60,71,19,21,[],[]
wuf20-0993.mwcnf,10551,64,71,18,21,[],[]
wuf20-0994.mwcnf,8740,62,71,18,21,[],[]
wuf20-0995.mwcnf,10218,67,71,18,21,[],[]
wuf20-0996.mwcnf,10012,63,71,19,21,[],[]
wuf20-0997.mwcnf,8840,55,71,19,21,[],[]
wuf20-0998.mwcnf,10332,61,71,20,21,[],[]
wuf20-0999.mwcnf,11636,65,71,20,21,[],[]
